Scheme_ID,Scheme_Name,Category,State,Central_or_State,Benefit,Age_Min,Age_Max,Income_Limit,Gender,Occupation,Education,SC,ST,OBC,EWS,General,Farmer,Student,Business,Disability,Widow,Minority,Required_Documents,Official_Link,Description,Eligibility_Text,Missing_Documents,AI_Tags
SCH0001,Paired Early Career Fellowship in Applied Research,Scholarship,All India,Central,"The financial support shall be provided as a time grant and it will be limited to: Fellowship: € 2300 per month/fellow on a pro-rata basis. Single round trip economy class airfare including visa fees and medical/travel insurance approximately ₹ 1 lakh (for Indian fellow) and € 1500 (for German fellow). Note 01: IGSTC grant is only for covering monthly fellowship, round trip fare, visa, and travel/medical insurance. Note 02: A one-time grant will be provided to cover the travel, accommodation, and daily expenses.",,,,All,General/Unspecified,Doctoral,False,False,False,False,False,False,False,False,False,False,False,Aadhaar Card; Passport Size Photograph,https://www.myscheme.gov.in/schemes/pecfar,"Indo-German Science & Technology Centre (IGSTC) established a joint initiative of the Department of Science and Technology (DST), Government of India and the Federal Ministry of Education and Research (BMBF), Government of Germany invites applications for “Paired Early Career Fellowship in Applied Research (PECFAR)” from early-career Indian and German researchers to explore, connect and network for research collaboration in applied research. Aim of the Fellowship: The Fellowship intends to- Support Early Career Researchers to network and explore possibilities to grow in applied research. Enhan","Early Career Researchers holding regular positions in academia/research institution/industry or holding long-term nationally recognized fellowships (4 years and above) will be eligible to apply. The applicant should possess the minimum qualification as “Masters in Science/Bachelor in Engineering (4 years)”. PhD Students/Post-docs affiliated with research institutions/industries may also apply. The upper age limit of the applicant should be 35 years. Note 01: The applicant with institutional affiliation shall submit a No Objection Certificate (NOC) from the Head of the Institution at the time of the application. Note 02: Applicants must define a detailed activity plan mentioning their objective, work plan, and expected outcomes for the duration of the fellowship. Note 03: The Pair must complete his/her visits within 12 months from the initiation of the PECFAR Award. Note 04: The time gap between the visits of the two Awardees should be less than 6 months. Note 05: Any change in the proposed date of travel should be intimated to IGSTC 45 days before the visit is planned. Note 06: The fellows will abide by the conduct, rules, and regulations of the Paired organization & the country. Note 07: IGSTC will not be responsible for violation of any Rules and regulations by him/her. Note 08: Each of the Awardees of the Pair must submit UC/SE along with the Fellowship visit report in the prescribed format at the end of their visits. Note 09: Within 4 weeks of completion of the Fellowship, the Awardees must submit a detailed consolidated Fellowship completion report endorsed by the host institutions in the prescribed format along with representative photos to IGSTC. The travel support for both the Awardees will be reimbursed after the Awardees complete both their visits. Note 10: The fellows must recognize and acknowledge the IGSTC fellowship in all online/print documents, communications, reports, publications, etc. on work resulting from the fellowship.",Income Certificate; Caste Certificate; Bonafide Certificate; Residence Certificate; PAN Card; Bank Passbook; Disability Certificate; Land Record; Business Registration; Ration Card; Birth Certificate; Death Certificate; Voter ID; Marksheet/Educational Certificate,"applied research, central scheme, fellowship, igstc, student scholarship"
SCH0002,Ramalingaswami Re-Entry Fellowship,Scholarship,All India,Central,"The amount of the fellowship will be ₹ 1,00,000/- per month. HRA will be ₹ 18,500 per month. Each awardee will, in addition, receive a Research Support grant of ₹ 13,00,000 lakh/year for the purchase of consumables, minor equipment, domestic travel, engaging project staff and other contingent expenditures to be incurred in connection with the implementation of the project. ₹ 50,000/annum institutional overhead will be paid to the host institute. Awardees will be eligible for regular research grant/s through extramural and other research schemes of various S&T agencies of the Government of India, provided that a Co-PI is a regular faculty member, and the concerned funding agency allows for this. The awardees can choose to work at any S&T institution including university departments or other academic institutions and national laboratories in India, provided the institution at which they wish to pursue research is willing to provide the necessary R&D, administrative, and basic infrastructural support to facilitate research. DURATION AND NUMBER OF FELLOWSHIP The duration of the fellowship will be for a period of three years. In exceptional cases, the duration of the award may be extended by additional two years after a fresh appraisal of performance. During the extension period the fellow will be provided with Fellowship, Contingency/Research grant, HRA and Overhead. Upto 75 fellowships will be awarded every year.",,,,Female,Farmer,Doctoral,False,False,False,False,False,False,False,False,False,False,False,Marksheet/Educational Certificate,https://www.myscheme.gov.in/schemes/rrf,The Department of Biotechnology has instituted a scheme known as the “Ramalingaswami Re-Entry Fellowship”. The scheme is aimed at Indian Nationals who are working overseas in various fields of biotechnology and life sciences and are interested in taking up scientific research positions in India. The Ramalingaswami Re-entry Fellows would be able to work in any of the scientific Institutions/Universities in the country. The applicant should have a proven/outstanding track record as evidenced by research publications and recognitions. The duration of the fellowship will be for a period of three y,"The Indian working in any area of life sciences & biotechnology, bio-engineering, healthcare (human and animal), agriculture and veterinary biotechnology, bio-energy, and allied areas will be eligible to apply. The applicant should possess a Ph.D/MD degree or equivalent in life sciences/ agriculture, bioinformatics, and allied areas or an M.Tech in engineering or technology/ medicine, etc. with at least three years of post-doctoral research experience in overseas research laboratories. Those who have already returned to India within one year of the closing date of the advertisement (two years for women candidates) are also eligible to apply; however, if they have secured a permanent position in India within this period then they are not eligible to apply. Applicants should have a proven/outstanding track record as evidenced by research publications and recognitions. In case a fellow joins a permanent position, the fellowship and HRA components of the scheme will be discontinued, however, he/she can avail the research grant component of the fellowship for the remaining tenure of the fellowship. The upper age limit for applying is 45 years. Once a candidate is selected for the fellowship, before the initiation of the fellowship, he/she would need to submit a two-member advisory committee comprising one member from his/her host institute and one from another institute in India or abroad from the area of his/her research. The advisory committee will mentor the research work of the fellow and suggest course correction, and their opinion/views regarding the progress of the fellow may also be sought by the committee, whenever required.",Income Certificate; Caste Certificate; Bonafide Certificate; Residence Certificate; Aadhaar Card; PAN Card; Bank Passbook; Disability Certificate; Land Record; Business Registration; Ration Card; Birth Certificate; Death Certificate; Passport Size Photograph; Voter ID,"central scheme, fellowship, grant, research, student scholarship, women empowerment"
SCH0003,Long Term Fellowship under the Human Resource Development Programme for Health Research,Scholarship,All India,Central,"Long-Term Fellowship (6-12 months) in Indian institutes: A consolidated stipend of ₹40,000/- per month for a period of stay in the host institute, which is at a different station from the parent Institute. In case, the training is at the same station, the rate of stipend payable will be ₹20, 000/- per month. Expenditure on travel will be as per the T.A. rules of the parent organization. One-time contingency grant of ₹30,000 (maximum) to meet the expenses of local taxi charges, attending meetings, etc., and ₹20,000/- for attending progress review meetings at DHR. The amount (stipend and contingency) will be placed at the disposal of the parent institute for disbursement to the fellow as per the prescribed norms and the parent institute will submit the utilization certificate for the expenditure incurred. Long-Term Fellowship (6-12 months) in Foreign institutes: A consolidated stipend of US $3000/- per month (or equivalent in other foreign currency) for the period of stay in the host institute abroad. May be revised as per the criteria of DBT/DST. Cost of air passage in economy class by Air India from the parent institute to the foreign host institute by the shortest possible route. One-time contingency grant of ₹50,000 (maximum) to meet the expenses of local taxi charges visa fee and Health insurance, attending meetings, etc., and ₹20,000/- for attending progress review meetings at DHR. A grant of US $600 for a period of up to 6 months and US $ 1200 for a period of 6-12 months for attending conferences/institutes of interest may be given with the recommendations of the Guide in the foreign host institute. The stipend will be given to the ‘selected fellow’ through a bank transaction. In the beginning, the equivalent amount in Indian Rupees for the first month will be paid to the fellow as an advance stipend. The expenditure incurred in the head ‘contingency’ will be reimbursed to a fellow after the production of the original voucher.",,45.0,,All,General/Unspecified,Doctoral,True,False,False,False,False,False,False,False,False,False,False,Caste Certificate; Disability Certificate; Passport Size Photograph,https://www.myscheme.gov.in/schemes/ltfhrdphr,"“Long Term Fellowship” under the Human Resource Development Programme for Health Research aims to provide advanced training in India and abroad to medical and health research personnel in cutting-edge research areas related to medicine and health to create trained human resources for carrying out advanced research activities. The scheme is intended to create a pool of talented health research personnel in the country by upgrading the skills of medical students & faculty through specialized training in priority areas of health research in leading national and international institutions, encoura",Only Indian citizens working in Indian institutes are eligible. Having M.D./ M.S./ M.D.S. or MBBS/BDS/ MVSc./ M.Sc./ M.Pharma/ M.Tech or equivalent with Ph.D. in a topic related to health/ medical research. The faculty should have at least three years of experience in the institute as a regular employee. Candidate should be below 45 years of age as of the last date of receipt of application. They should not have availed any fellowship of the duration of one month or above duration from any of the agencies of the Government of India/State Government for the same subject of training/research project. The fellowship is for 6-12 months. Fellowship is non-transferable.,Income Certificate; Bonafide Certificate; Residence Certificate; Aadhaar Card; PAN Card; Bank Passbook; Land Record; Business Registration; Ration Card; Birth Certificate; Death Certificate; Voter ID; Marksheet/Educational Certificate,"central scheme, fellowship, long term, medical, student scholarship"
SCH0004,Post Doctoral Fellowship to Scheduled Caste/Scheduled Tribe Candidates,Scholarship,All India,Central,"The financial assistance available under the scheme is as follows: Sl. No. Item Rate of Fellowship (Pre-revised) Rate of Fellowship (Revised w. e. f. 01.12.2014) 1 Fellowship @ ₹16,000/- per month @ ₹38,800/- per month for first 2 years & ₹46,500/- per month from third years onwards. 2 Contingency @₹30,000/- per annum @₹50,000/- per annum 3 Departmental Assistance 10% of the Post Doctoral Fellowship to the host Institution Not applicable 4 Escorts/Reader/Assistance @ ₹2,000/- per month (fixed) in cases of physically disabled & blind Candidate. @ ₹2,000/- per month (fixed) in cases of physically disabled & blind Candidate. 5 HRA As per University /Institution rules. As per University /Institution rules. House Rent Allowance: Suitable single-seated hostel accommodation may be provided to the candidates in the institutions. In such cases, the fellow is eligible to draw only hostel fees excluding mess, electricity, water charges, etc. A certificate to this effect is to be furnished through the Registrar/Director/Principal. HRA is not permissible for those candidates who are staying in Hostel accommodation. In case of non-availability of hostel accommodation, the fellow may be provided with single accommodation by the host institution. In such cases, the rent paid by the fellow on an actual basis may be reimbursed subject to the ceiling of HRA as per Govt. of India norms. If the fellow makes her own arrangements of accommodation, he/she may be entitled to draw HRA as per the categorization of cities by the Govt. of India. Medical: No separate/fixed medical assistance is provided. However, the Post-Doctoral Fellow may avail of the medical facilities available in the University/Institution/College. Leave: Leave for a maximum period of 30 days in a year in addition to public holidays may be taken by the Post-Doctoral Fellow with the approval of the Head of the Department. However, they are not entitled to any other vacations, such as summer, winter, and pooja vacations. Candidates are eligible for maternity/ paternity leave at full rates of the fellowship as per Government of India rules once during the tenure of the award. Academic leave: The fellow may be allowed to avail academic leave without fellowship and contingency for a period not exceeding one year during the tenure of the award for academic/teaching assignment/ foreign visit in connection with research work. The expenditure on travel cannot be claimed from UGC. The period of leave without fellowship will be counted towards the tenure. Note: All kinds of leaves shall be approved by the University/Institute/College. Duration of Fellowship: The tenure of the award is five years with no provision for further extension.",,,,All,Unemployed,Doctoral,True,True,False,False,False,False,False,False,True,False,False,Income Certificate; Caste Certificate; Aadhaar Card; Bank Passbook; Disability Certificate; Passport Size Photograph; Marksheet/Educational Certificate,https://www.myscheme.gov.in/schemes/pdfscstc,"This scheme has been initiated keeping in view the social background of the candidates from the deprived section of society and to provide them an opportunity to undertake advanced studies and research in Science, Engineering & Technology, Humanities and Social Sciences in Indian Universities/Institutions/Colleges. Objective: The objective of the scheme is to provide an opportunity to SC/ST candidates to undertake postdoctoral research in Sciences, Engineering & Technology, Humanities and Social Sciences at Indian Universities/Institutions/Colleges as indicated below: Universities/Institutions",Target Group: Unemployed candidates from the deprived section of the society with Ph.D. Degree awarded and aptitude for research. The candidate must have a doctorate degree in the relevant subject preferably with published research work to their credit. (Provisional degree certificate may be accepted if degree is not awarded) The candidates should belong to the Scheduled Caste/Scheduled Tribe category. Only Ph.D. awarded unemployed candidates will be eligible for the award of Post Doctoral Fellowship. The upper age limit for male applicants is 50 years as of the last date of receipt of online applications and 55 years in the case of female candidates. The candidates of SC/ST categories having 50% marks at the UG level and 55% marks at the PG level are eligible to apply under the Scheme. The candidate must upload the No Objection Certificate from the proposed research place duly forwarded by the Head of Department and Registrar/Director/Principal in the online application. Transgender candidates are eligible to apply under the scheme. The reservation shall be followed as per government of India norms. Note: There shall be reservations for SC/ST/Persons with disability candidates as per provision of the Constitution and instructions issued by the Govt. of India from time to time.,Bonafide Certificate; Residence Certificate; PAN Card; Land Record; Business Registration; Ration Card; Birth Certificate; Death Certificate; Voter ID,"central scheme, disability support, fellowship, post doctoral, scheduled caste, student scholarship"
SCH0005,“Ishan Uday” Special Scholarship Scheme For North Eastern Region,Scholarship,All India,Central,"1) UGC will award 10,000 (ten thousand) fresh scholarships per year. 2) ₹5,400/- per month for general degree courses and ₹7,800/- per month for technical/medical/professional/paramedical courses. 3) The scholar would be awarded from the date of joining the course as certified by the University/Institution/ College. 4) Scholarship (as certified by the institutions identified under this scheme) will be paid to the selected students by the UGC through DBT (Direct Benefit Transfer) Mode and will be transferred to the Bank account of the beneficiaries. This procedure will be completed through the PFMS.",,,450000.0,All,General/Unspecified,School (9th-12th),False,False,False,False,False,False,False,False,True,False,False,Residence Certificate,https://www.myscheme.gov.in/schemes/iu-sss-ner,"A scholarship scheme by the Ministry of Education and the University Grants Commission. Taking special interest with regard to the promotion of higher education in the NER, i.e. for improving the GER, promoting higher education, and encouraging children belonging to the economically weaker sections of the NE region, the UGC has decided to launch “Ishan Uday” Special Scholarship Scheme for North Eastern Region from the academic session 2014-15. Before launching the scheme the UGC undertook wide-ranging consultations with State Governments and Central & State Universities of the NE region, the M","The applicant must be a domicile of NER. The parental annual income of the applicant should not exceed ₹4,50,000 per annum from all sources. The applicant should have passed Class 12th or equivalent in the preceding year of study for applications called for the present year. The applicant should have secured admission in the first year of any degree course, either a general degree course of The scholarship shall only be provided for general degree courses, and technical and professional courses, including medical and paramedical courses as certified by the Registrar/ Principal/ Director of University/ College/ Institute in any of the following universities/colleges/ Institute: a) Universities/Institutions/Colleges included under Section 2(f) and 12 (B) of UGC Act. b) Deemed to be Universities included under Section 3 of the UGC Act, 1956 and eligible to receive grants-in-aid from UGC. c) Universities/Institutions/Colleges funded by Central / State Government. d) Institutes of National Importance. e) Institutions recognized by other Statutory councils within as well as outside. f) The admission should have been made to University/ Institution/ College with the AISHE code. RENEWALS - Scholarship granted under the scheme will be kept renewed during the period of first degree course, subject to good conduct and maintenance of prescribed attendance. The scholarship will be renewed for the next year of study on receipt of a annual progress report to be granted by the administrative head of the University/ Institution/College.(E.g. Registrar of a University/ Director of the Institution/ Principal of the College or any other officer designated by them). Students failing to get promoted to the next class/ level would forfeit the scholarship. Change in course of study will not be permitted. If the awardee changes the course of study, the scholarship will stand forfeited from the date of such a change. The Scheme will be implemented and monitored by the UGC. The awardees of previous years will continue to follow the UGC pattern of assistance through the designated bank branches of Canara Bank. Note: 1) For students of integrated degree courses, the scholarship will be tenable for the complete duration of the course. 2) For dual degree courses, the scholarship will only be tenable for the tenure of the first degree. 3) Transgender candidates are eligible to apply under the scheme. The reservation shall be followed as per Government of India norms. 4) Distribution of slots amongst the states of NER will be done on the basis of population census(last). 5) If slots in a particular state remain vacant due to the non-availability of eligible candidates, the unfilled slots will be distributed equitably amongst other states. 6) Reservation for Persons with Disability (PwD) will be made as per Government of India norms.",Income Certificate; Caste Certificate; Bonafide Certificate; Aadhaar Card; PAN Card; Bank Passbook; Disability Certificate; Land Record; Business Registration; Ration Card; Birth Certificate; Death Certificate; Passport Size Photograph; Voter ID; Marksheet/Educational Certificate,"central scheme, disability support, financial assistance, scholarship, student scholarship"
SCH0006,Prime Minister's Scholarship Scheme for Railway Protection Force,Scholarship,All India,Central,1. The amount of the scholarship would be as follows: (i) ₹2500/- per month for male students (ii) ₹3000/- per month for female students 2. Letter from Hon’ble Prime Minister - All applicants selected under the new category will be given a personal letter from Hon’ble Prime Minister in appropriate language. 3. Duration of the Scholarship: Two to five years as per the duration of the course. Note: The payment of the scholarship will be granted after approval of the DG/RPF as per order of merit in each year.,,,,All,General/Unspecified,Graduate,True,False,False,False,False,False,False,False,False,True,False,Aadhaar Card; Bank Passbook; Marksheet/Educational Certificate,https://www.myscheme.gov.in/schemes/pmssrpf,Prime Minister’s Scholarship Scheme (PMSS) for Railway Protection Force (RPF) was announced by the Hon’ble Prime Minister of India in his address to the nation from the historical Red Ford on 15th August 2005. Prime Minister’s Scholarship Scheme for RPF was introduced in the Academic year 2008-09. It was introduced to encourage higher technical and professional education for the dependent wards of Ex/Serving RPF/RPSF personnel and widows (below the Rank of Gazetted officer). Scholarship Available: A total number of 150 students (from academic session 2015-16) have been earmarked to RPF for an ,"Eligibility of Students: The dependent wards of Ex/Serving RPF/RPSF personnel and widows (below the Rank of Gazetted officer) are eligible to apply under the scheme. Students who have taken regular admission are only eligible for PMSS. Students should have secured 60% and above in Minimum Entry Qualification (MEQ) i.e. 12th Std., Diploma/Graduation. The scholarship is admissible for only two wards per family and should be ensured by the beneficiaries as well as by the concerned zonal Railways/RPSF. Only the institutes/universities/colleges having AISHE regulations will be permissible/eligible. Students studying abroad are not eligible for this scheme. No distance learning course is permitted under this scheme. PMSS can be availed for one course only. Courses Eligible for the PMSS: Professional Degree Courses like BE, B.Tech, BDS, MBBS, BEd, BBS, BCA, MCA B. Pharma, etc. duly recognized by the respective Government Regulatory Bodies, such as All India Council for Technical Education (AICTE), Medical Council of India (MCI), University Grants Commission (UGC), National Council for Teacher Education (NCTE) etc. (Master Degree Courses are not eligible for PMSS except MBA, MCA). Minimum Marks in MEQ: At least 60% marks/equivalent grade in MEQ for entry to various Professional Courses for the initial sanction of scholarship. MEQ for various courses are as: Sl. No. Professional Course/Technical Course MEQ 1 MBBS and equivalent Medical courses 12th 12th Standard 2 B.E., B.Tech 10+2/Diploma (Diploma in case of lateral entry) 3 BBA, BCA, B.Sc.(Ag) etc. 12th Standard 4 MBA, B.Ed., MCA Graduation 5 BA LLB/BBA LLB/BSc LLB/B.Com LLB (5 year Integrated course only) 12th Standard Order of Preference: If the number of applications exceeds the number of available scholarships, the order of preference for allotment of scholarships will be as under : Category (I): Wards/widows of ex-RPF/RPSF personnel who died in harness due to causes attributed to encounters with terrorists or with criminals while protecting Railway Property, Passengers and Passenger Areas or those who died during election work. Category (II): Wards/Widows of ex-RPF/RPSF personnel who died while in service. Category (III): Wards of ex-RPF/RPSF (retired) personnel. Category (IV): Wards of serving RPF/RPSF personnel.",Income Certificate; Caste Certificate; Bonafide Certificate; Residence Certificate; PAN Card; Disability Certificate; Land Record; Business Registration; Ration Card; Birth Certificate; Death Certificate; Passport Size Photograph; Voter ID,"central scheme, rpf, rpsf, scholarship, student scholarship, widow welfare"
SCH0007,"Junior Research Fellowship In Sciences, Humanities, And Social Sciences",Scholarship,All India,Central,"Fellowship Amount: Junior Research Fellowship (JRF): ₹37,000 per month for 2 years Senior Research Fellowship (SRF): ₹42,000 per month for the remaining period Contingency A (for Humanities & Social Sciences): ₹10,000 per annum for JRF ₹20,500 per annum for SRF Contingency B (for Science Scholars): ₹12,000 per annum for JRF ₹25,000 per annum for SRF Housing Rent Allowance (HRA) (HRA is provided as per the categorization of cities by the Government of India.) Hostel Accommodation: If suitable single-seated hostel accommodation is provided by the institution, the fellow is eligible to receive only hostel fees (excluding mess, electricity, water charges, etc.). A certificate confirming this must be furnished through the Registrar/Director/Principal. HRA is not permissible for fellows staying in hostel accommodation. Alternative Accommodation: If hostel accommodation is not available, the fellow may be provided with single accommodation by the host institution. In such cases, rent paid by the fellow may be reimbursed on an actual basis, subject to the HRA ceiling set by the Government of India. Self-Arranged Accommodation: If the fellow arranges her own accommodation, she is entitled to HRA as per the Government of India's city categorization norms. Medical Facilities No separate or fixed medical assistance is provided under the fellowship. However, the fellow may avail of the medical facilities available at the institution, university, or college. Leave Policy General Leave: Fellows are entitled to a maximum of 30 days of leave per year, in addition to public holidays. They are not entitled to any additional vacations. Maternity/Paternity Leave: Maternity/Paternity leave is granted as per Government of India norms, at full fellowship rates, once during the tenure of the fellowship. Intermittent Break (For Women Candidates Only): Women candidates may avail an intermittent break of up to one year (maximum three times during the fellowship). The total break period must not exceed one year. This period will not be counted toward the tenure of the fellowship, ensuring that the fellowship duration remains the same. Academic Leave: Academic leave without fellowship is permissible for one year during the fellowship tenure. This leave can be availed for academic assignments, teaching, or foreign visits related to research work. The period of leave without fellowship will be counted towards the tenure. Expenditure for foreign visits related to research work cannot be claimed from UGC. Tenure of Fellowship: These are integrated five-year fellowships for M.Phil. and Ph.D. subject academic criteria in force for selection of Ph.D. program. The duration of the fellowship is as under: M.Phil. + Ph.D. Maximum duration (Years): 5 Admissibility of JRF (Years): 2 Admissibility of SRF (Years): 3 Ph.D. Maximum duration (Years): 5 Admissibility of JRF (Years): 2 Admissibility of SRF (Years): 3",,,,All,General/Unspecified,Doctoral,False,False,False,False,False,False,False,False,False,False,False,Aadhaar Card; Disability Certificate; Marksheet/Educational Certificate,https://www.myscheme.gov.in/schemes/jrfshss,"The Junior Research Fellowship (JRF) scheme of the University Grants Commission (UGC) is open to candidates who qualify for the National Eligibility Test-Junior Research Fellowship(NET-JRF) of the UGC and the UGC-Council of Scientific and Industrial Research (UGC-CSIR) joint test. However, please note that these are qualifying tests only and do not bestow a fellowship upon the candidate. OBJECTIVES The objective of the JRF scheme is to provide opportunities to NET-JRF qualified candidates to undertake advanced studies and research leading to M.Phil/Ph.D. Degrees in Humanities and Social Scienc","The candidates must have qualified NET-JRF or the UGC-CSIR Joint Test. The candidates must register for M.Phil/Ph.D. in a recognized University/Institution/College within two years from: The date of declaration of the result, or The date of issue of the award letter, or The date of joining the fellowship.",Income Certificate; Caste Certificate; Bonafide Certificate; Residence Certificate; PAN Card; Bank Passbook; Land Record; Business Registration; Ration Card; Birth Certificate; Death Certificate; Passport Size Photograph; Voter ID,"central scheme, fellowship, junior, research, student scholarship"
SCH0008,E-YUVA Scheme: BIRAC’s Innovation Fellows (for post graduates and above),Scholarship,All India,Central,"BIRAC’s Innovation Fellows will receive fellowship grants and annual research grants as mentioned below: Fellowship grant: INR 30,000/- per month for Post-graduate fellow INR 50,000/- per month for Post-doctoral fellow Annual research grant: INR 3,00,000/- per year for Post-graduate fellow INR 5,00,000/- per year for Post-doctoral fellow Note: EYCs and BIRAC provide continuous mentoring support to fellows, including but not limited to Technical Mentoring, IP Support, Legal Support, Networking, and Outreach, Training, Regulatory Advice, Business Mentoring and Fundraising.",,,,All,Student,Doctoral,False,False,False,False,False,False,True,False,False,False,False,Aadhaar Card; PAN Card,https://www.myscheme.gov.in/schemes/e-yuvasbiraciffpga,"The scheme “Empowering Youth for Undertaking Value Added Innovative Translational Research (E-YUVA)” was started by the Biotechnology Industry Research Assistance Council (BIRAC) to promote a culture of applied research and need-oriented (societal or industry) entrepreneurial innovation among young students and researchers. The scheme provides funding support (through fellowship and research grant), technical and business mentoring, exposure to bio incubation model, orientation to an entrepreneurial culture, etc. to students at various levels including undergraduates, post-graduates, and post-",Post Graduate Fellow: An Indian Student who has completed a Master's degree in any field of science is eligible to apply for this fellowship. The fellow should apply within 3 years of completion of the degree ( Females are exempted from this condition ). Post-Doctoral Fellow: An Indian student who has completed a Ph.D. in any field of science is eligible to apply for this fellowship. The fellow should apply within 2 years of completion of the degree ( Females are exempted from this condition ). Other requirements: BIRAC’s Innovation fellows are required to work full-time at EYC. Students pursuing PhD cannot be considered for fellowship grants. Selected fellows cannot pursue PhD during the fellowship tenure.,Income Certificate; Caste Certificate; Bonafide Certificate; Residence Certificate; Bank Passbook; Disability Certificate; Land Record; Business Registration; Ration Card; Birth Certificate; Death Certificate; Passport Size Photograph; Voter ID; Marksheet/Educational Certificate,"central scheme, e-yuva, education, fellow, innovation, student scholarship"
SCH0009,Short Term Fellowship under the Human Resource Development Programme for Health Research,Scholarship,All India,Central,"Short Term Fellowship (1-3 months) in Indian institutes: A consolidated stipend of ₹40,000/- per month for a period of stay in the host institute, which is at a different station from the parent Institute. In case, the training is at the same station, the rate of stipend payable will be ₹20,000/- per month. Expenditure on travel will be as per the T.A. rules of the parent organization. One-time contingency grant of ₹20,000/- (maximum) to meet the expenses of local taxi charges, attending meetings, etc. The amount (stipend and contingency) will be placed at the disposal of the parent institute for disbursement to the fellow as per the prescribed norms and the parent institute will submit the utilization certificate under the GFRs for the expenditure incurred. Short Term Fellowship (1-3 months) in Foreign institutes: A consolidated stipend of US $ 3000/- per month (or equivalent in other foreign currency) for the period of stay in the host institute abroad. Cost of air passage in economy class by Air India from the parent institute to the foreign host institute by the shortest possible route. One-time contingency grant of ₹30,000 (maximum) to meet the expenses of local taxi charges visa fee and Health insurance, attending meetings, etc., and ₹20,000/- for attending progress review meetings at DHR. A grant of US $ 600 for fellowship duration for attending conferences /institutes of interest may be given with the recommendations of the Guide in the foreign host institute. The stipend will be given to the ‘selected fellow’ through a bank transaction in the beginning the equivalent amount in Indian Rupees for the first month will be paid to the fellow as an advance stipend The expenditure incurred in the head ‘contingency’ will be reimbursed to a fellow after the production of the original voucher.",,55.0,,All,General/Unspecified,Doctoral,True,False,False,False,False,False,False,False,False,False,False,Caste Certificate; Disability Certificate; Passport Size Photograph,https://www.myscheme.gov.in/schemes/stfhrdphr,"“Short Term Fellowship” under the Human Resource Development Programme for Health Research aims to provide advanced training in India and abroad to medical and health research personnel in cutting-edge research areas related to medicine and health to create trained human resources for carrying out advanced research activities. The scheme is intended to create a pool of talented health research personnel in the country by upgrading the skills of medical students & faculty through specialized training in priority areas of health research in leading national and international institutions, encour",Only Indian citizens working in Indian institutes are eligible. They should hold M.D./ M.S./ M.D.S. or MBBS/BDS/ MVSc./ M.Sc./M.Pharma/M.Tech or equivalent with Ph.D. in health/biomedical research. Faculty having at least three years’ experience in the college/institute as a regular employee. Persons up to 55 years of age as of the last date of receipt of application will be eligible. They should not have availed any fellowship of the duration of one month or above duration from any of the agencies of Govt. of India / State Governments for the same subject of training/research project. The fellowship is for 1-3 months. Fellowship is non-transferable.,Income Certificate; Bonafide Certificate; Residence Certificate; Aadhaar Card; PAN Card; Bank Passbook; Land Record; Business Registration; Ration Card; Birth Certificate; Death Certificate; Voter ID; Marksheet/Educational Certificate,"central scheme, fellowship, health research, short term, student scholarship"
SCH0010,Junior Research Fellowship In Engineering & Technology,Scholarship,All India,Central,"NATURE OF ASSISTANCE The tenure of the fellowship is initially for a period of two years as a Junior Research Fellowship (JRF). After the expiry of two years the work of the fellow will be evaluated by experts and if found satisfactory, his/her tenure will be extended for a further period of three years with enhanced emoluments as a Senior Research Fellowship (SRF). In case the work of the fellow for the first two years is not found satisfactory, one more year will be given to him/her for improvement, but during this period he/she will be designated as a Junior Research Fellow. In such cases work will again be evaluated after three years, and if the improvement is found, the fellow will get two more years under the SRF. Thus, the total period of fellowship (JRF and SRF) is five years, which is non-extendable. The awardee can avail research fellowship for the full tenure of the fellowship or up to the date of award of the Ph.D. degree, whichever is earlier. The assistance available under the scheme is: Fellowship @ Rs. 14,000/- p.m. for the initial two years, @ Rs.15,000/- for the remaining period Contingency @ Rs.12,000/- p.a. for the initial two years, @Rs.25,000/- p.a. for the remaining period Departmental Assistance @ Rs. 3,000/- p.a. per student to the host institute for providing, infrastructure to the researcher Escorts/Reader Assistance @Rs.2,000/- p.m. in cases of physically handicapped and blind candidates HRA As per the rule of the concerned institution House Rent Allowance: Suitable single-seated hostel accommodation in the institutions may be provided to the Fellow, failing which HRA as per rules of the university/institution will be paid, subject to the submission of the HRA certificate through the registrar/principal. Research Fellows provided with accommodation in hostels recognized/maintained by the institutions may be reimbursed the hostel fee, excluding mess, electricity and water charges, etc. A certificate to this effect is to be furnished through the registrar/principal (Annexure I). If the Fellow makes his/her own arrangements of accommodation, he/she may be entitled to draw HRA as per the categorization of cities by the Government of India. The Fellow will submit a certificate to UGC for claiming HRA through the concerned university/institution/college. Medical: No separate/fixed medical assistance is provided. However, the fellow may avail the medical facilities available in the institution/university. Leave: Research Fellows are entitled to a maximum period of 30 days leave in a year in addition to public holidays. They are not entitled to any other leave, for example, summer, winter, pooja vacations, etc. Women candidates are eligible for maternity leave of 135 days at full rates of fellowship once during the tenure of their award. Note-1: The Research Fellow, in special cases, may be allowed by the Commission, to leave without fellowship for up to one academic year during the entire tenure of the award for accepting teaching assignments on a temporary basis, provided the assignment is in the same city/town. Note-2: In other cases, leave without fellowship will be restricted to a period not exceeding three months during the tenure of the award on the recommendations of the supervisor and the head of the institution. Note-3: The period of leave without fellowship will be counted towards the total tenure of the fellowship. Note-4: Fellows are advised to apply for leave through their university/institution/college well in advance for the approval of the Commission.",,,,Female,General/Unspecified,Doctoral,True,True,False,False,False,False,False,False,False,False,False,Caste Certificate; Aadhaar Card; Disability Certificate; Birth Certificate; Marksheet/Educational Certificate,https://www.myscheme.gov.in/schemes/jrfst,"INTRODUCTION The scheme ""Junior Research Fellowship in Engineering & Technology"" by the University Grants Commission (UGC), Department of Higher Education is meant for candidates who wish to pursue research leading to a Ph.D. degree in engineering and technology. As of date, the University Grants Commission (UGC) or the Council of Scientific and Industrial Research (CSIR) are not conducting National Education Testing (NET) examinations in these fields. Therefore, M.Pharma and M.E., M.Tech. students are given this opportunity, through direct interviews conducted by the Commission. There are 50 ","All Minimum qualifications are a master's degree in engineering/technology/pharmacy, with 55 percent marks. GATE is not a mandatory condition for getting a research fellowship to pursue Ph.D. Candidates need to hold an M.E./M.Tech. degree. The age limit is 40 years as on 1 July of the year of the award, extendable by five years for women and SC/ST candidates. A total of 22.5 percent of the fellowships are reserved for candidates belonging to SC/ST who fulfill the requisite qualifications laid down for the award. In case of the non-availability of SC/ST candidates, these slots will be made available to general candidates.",Income Certificate; Bonafide Certificate; Residence Certificate; PAN Card; Bank Passbook; Land Record; Business Registration; Ration Card; Death Certificate; Passport Size Photograph; Voter ID,"central scheme, fellowship, science, student scholarship, women empowerment"
